Ref,Val,Package,PosX,PosY,Rot,Side
"C1","100uF 16V","CP_Elec_6.3x7.7",109.615000,-21.690000,0.000000,top
"C2","100uF 50V","CP_Elec_6.3x7.7",128.645000,-23.640000,0.000000,top
"C3","1nF 2kV Y5P","C_Disc_D5.0mm_W2.5mm_P5.00mm",19.500000,-66.500000,0.000000,top
"C10","10nF filter","C_0603_1608Metric",35.480000,-17.242000,0.000000,top
"C11","10nF filter","C_0603_1608Metric",40.440000,-17.242000,0.000000,top
"C12","10nF filter","C_0603_1608Metric",45.400000,-17.242000,0.000000,top
"C13","10nF filter","C_0603_1608Metric",50.360000,-17.242000,0.000000,top
"C14","10nF filter","C_0603_1608Metric",67.115000,-17.242000,0.000000,top
"C15","10nF filter","C_0603_1608Metric",73.970000,-17.242000,0.000000,top
"C20","100nF","C_0603_1608Metric",127.989600,-109.562000,0.000000,top
"C21","100nF","C_0603_1608Metric",123.634600,-115.854000,0.000000,top
"C22","100nF","C_0603_1608Metric",121.029300,-122.146000,0.000000,top
"C23","100nF","C_0603_1608Metric",121.476000,-128.438000,0.000000,top
"C30","100nF","C_0603_1608Metric",70.785000,-58.195000,180.000000,top
"C31","100nF","C_0603_1608Metric",70.785000,-60.595000,180.000000,top
"C32","100nF","C_0603_1608Metric",84.245000,-61.395000,0.000000,top
"C33","22pF","C_0603_1608Metric",66.900000,-65.300000,180.000000,top
"C34","22pF","C_0603_1608Metric",71.050000,-70.000000,-90.000000,top
"C40","100nF","C_0603_1608Metric",133.740000,-37.890000,90.000000,top
"C41","100nF","C_0603_1608Metric",133.740000,-74.645000,90.000000,top
"C42","100nF","C_0603_1608Metric",132.450000,-118.845000,90.000000,top
"D1","SS34 reverse","D_SMA",109.390000,-11.920000,0.000000,top
"D2","SS34 reverse","D_SMA",128.430000,-17.530000,0.000000,top
"D3","SMAJ26A","D_SMA",105.022500,-32.750000,0.000000,top
"D10","+5V","LED_0603_1608Metric",115.525000,-32.750000,0.000000,top
"D11","V24","LED_0603_1608Metric",124.007500,-32.750000,0.000000,top
"D30","SERIAL","LED_0603_1608Metric",61.480000,-61.000000,0.000000,top
"D40","1N4148 flyback","D_SOD-123",26.688300,-104.999000,0.000000,top
"D41","1N4148 flyback","D_SOD-123",42.828300,-104.996800,0.000000,top
"D42","1N4148 flyback","D_SOD-123",58.968300,-104.994500,0.000000,top
"D43","1N4148 flyback","D_SOD-123",75.108300,-104.992200,0.000000,top
"D44","1N4148 flyback","D_SOD-123",91.248300,-104.989900,0.000000,top
"D45","1N4148 flyback","D_SOD-123",107.388300,-104.987600,0.000000,top
"D50","KA","LED_0603_1608Metric",35.480000,-83.885000,0.000000,top
"D51","KB","LED_0603_1608Metric",40.440000,-83.885000,0.000000,top
"D52","KC","LED_0603_1608Metric",45.400000,-83.885000,0.000000,top
"D53","KD","LED_0603_1608Metric",50.360000,-83.885000,0.000000,top
"D54","KE","LED_0603_1608Metric",55.320000,-83.885000,0.000000,top
"D55","KF","LED_0603_1608Metric",60.280000,-83.885000,0.000000,top
"F1","1A slow 1206","Fuse_1206_3216Metric",101.550000,-37.630000,0.000000,top
"F2","1A slow 1206","Fuse_1206_3216Metric",109.380000,-37.630000,0.000000,top
"J1","LPT PORT 1","DSUB-25_Socket_Horizontal_P2.77x2.84mm_EdgePinOffset7.70mm_Housed_MountingHolesOffset9.12mm",8.765000,-52.280000,-90.000000,top
"J2","LPT PORT 2","DSUB-25_Socket_Horizontal_P2.77x2.84mm_EdgePinOffset7.70mm_Housed_MountingHolesOffset9.12mm",8.765000,-115.130000,-90.000000,top
"J3","5V IN","TerminalBlock_Phoenix_MKDS-1,5-2_1x02_P5.00mm_Horizontal",119.860000,-3.750000,180.000000,top
"J4","24V IN","TerminalBlock_Phoenix_MKDS-1,5-2_1x02_P5.00mm_Horizontal",131.595000,-3.750000,180.000000,top
"J10","X axis","TerminalBlock_Phoenix_MKDS-1,5-3_1x03_P5.00mm_Horizontal",146.140000,-24.454300,90.000000,top
"J11","Y axis","TerminalBlock_Phoenix_MKDS-1,5-3_1x03_P5.00mm_Horizontal",146.140000,-40.554600,90.000000,top
"J12","Z axis","TerminalBlock_Phoenix_MKDS-1,5-3_1x03_P5.00mm_Horizontal",146.140000,-56.654900,90.000000,top
"J13","A axis","TerminalBlock_Phoenix_MKDS-1,5-3_1x03_P5.00mm_Horizontal",146.140000,-72.755100,90.000000,top
"J14","B axis","TerminalBlock_Phoenix_MKDS-1,5-3_1x03_P5.00mm_Horizontal",146.140000,-88.855400,90.000000,top
"J15","C axis","TerminalBlock_Phoenix_MKDS-1,5-3_1x03_P5.00mm_Horizontal",146.140000,-104.955700,90.000000,top
"J20","EMG C A Z Y X","TerminalBlock_Phoenix_MKDS-1,5-6_1x06_P5.00mm_Horizontal",78.505000,-3.750000,180.000000,top
"J30","MPG handwheel","TerminalBlock_Phoenix_MKDS-1,5-4_1x04_P5.00mm_Horizontal",107.595000,-3.750000,180.000000,top
"J40","Relay A","TerminalBlock_Phoenix_MKDS-1,5-3_1x03_P5.00mm_Horizontal",21.887400,-133.610000,0.000000,top
"J41","Relay B","TerminalBlock_Phoenix_MKDS-1,5-3_1x03_P5.00mm_Horizontal",38.109100,-133.610000,0.000000,top
"J42","Relay C","TerminalBlock_Phoenix_MKDS-1,5-3_1x03_P5.00mm_Horizontal",54.330800,-133.610000,0.000000,top
"J43","Relay D","TerminalBlock_Phoenix_MKDS-1,5-3_1x03_P5.00mm_Horizontal",70.552500,-133.610000,0.000000,top
"J44","Relay E","TerminalBlock_Phoenix_MKDS-1,5-3_1x03_P5.00mm_Horizontal",86.774200,-133.610000,0.000000,top
"J45","Relay F","TerminalBlock_Phoenix_MKDS-1,5-3_1x03_P5.00mm_Horizontal",102.996000,-133.610000,0.000000,top
"J50","RS232 RX TX GND","TerminalBlock_Phoenix_MKDS-1,5-3_1x03_P5.00mm_Horizontal",146.140000,-123.715000,90.000000,top
"J60","ICSP","IDC-Header_2x05_P2.54mm_Vertical",69.115000,-79.895000,90.000000,top
"K1","JQC-3FF-024-1Z","Relay_SPDT_Hongfa_JQC-3FF_0XX-1Z",20.405700,-123.810000,90.000000,top
"K2","JQC-3FF-024-1Z","Relay_SPDT_Hongfa_JQC-3FF_0XX-1Z",36.614400,-123.810000,90.000000,top
"K3","JQC-3FF-024-1Z","Relay_SPDT_Hongfa_JQC-3FF_0XX-1Z",52.823100,-123.810000,90.000000,top
"K4","JQC-3FF-024-1Z","Relay_SPDT_Hongfa_JQC-3FF_0XX-1Z",69.031900,-123.810000,90.000000,top
"K5","JQC-3FF-024-1Z","Relay_SPDT_Hongfa_JQC-3FF_0XX-1Z",85.240600,-123.810000,90.000000,top
"K6","JQC-3FF-024-1Z","Relay_SPDT_Hongfa_JQC-3FF_0XX-1Z",101.449300,-123.810000,90.000000,top
"Q1","2N7002","SOT-23",46.852100,-100.520000,0.000000,top
"Q2","2N7002","SOT-23",58.394300,-100.520000,0.000000,top
"Q3","2N7002","SOT-23",69.936400,-100.520000,0.000000,top
"Q4","2N7002","SOT-23",81.478600,-100.520000,0.000000,top
"Q5","2N7002","SOT-23",93.020700,-100.520000,0.000000,top
"Q6","2N7002","SOT-23",104.562900,-100.520000,0.000000,top
"R1","1k","R_0603_1608Metric",116.410000,-37.630000,0.000000,top
"R2","10k","R_0603_1608Metric",106.675000,-41.490000,0.000000,top
"R5","10k spare pull-down","R_0603_1608Metric",119.480000,-76.000000,0.000000,top
"R10","4k7 1206","R_1206_3216Metric",36.280000,-23.614000,0.000000,top
"R11","4k7 1206","R_1206_3216Metric",42.840000,-23.614000,0.000000,top
"R12","4k7 1206","R_1206_3216Metric",49.400000,-23.614000,0.000000,top
"R13","4k7 1206","R_1206_3216Metric",66.848300,-23.614000,0.000000,top
"R14","4k7 1206","R_1206_3216Metric",74.236700,-23.614000,0.000000,top
"R15","4k7 1206","R_1206_3216Metric",36.280000,-30.386000,0.000000,top
"R30","10k","R_0603_1608Metric",42.040000,-30.386000,0.000000,top
"R31","10k","R_0603_1608Metric",47.000000,-30.386000,0.000000,top
"R32","10k","R_0603_1608Metric",65.401300,-30.386000,0.000000,top
"R33","10k","R_0603_1608Metric",70.542500,-30.386000,0.000000,top
"R34","10k","R_0603_1608Metric",75.683800,-30.386000,0.000000,top
"R35","10k","R_0603_1608Metric",41.346700,-36.758000,0.000000,top
"R40","330R","R_0603_1608Metric",52.173300,-36.758000,0.000000,top
"R41","330R","R_0603_1608Metric",63.000000,-36.758000,0.000000,top
"R42","4k7","R_0603_1608Metric",73.826700,-36.758000,0.000000,top
"R43","4k7","R_0603_1608Metric",84.653300,-36.758000,0.000000,top
"R44","10k","R_0603_1608Metric",37.512000,-51.443300,0.000000,top
"R45","10k","R_0603_1608Metric",42.504000,-51.443300,0.000000,top
"R46","10k","R_0603_1608Metric",47.496000,-51.443300,0.000000,top
"R47","10k","R_0603_1608Metric",52.488000,-51.443300,0.000000,top
"R50","10k","R_0603_1608Metric",66.440000,-61.000000,0.000000,top
"R51","1k","R_0603_1608Metric",99.862500,-61.000000,0.000000,top
"R52","10k MPG_SEL pull-down","R_0603_1608Metric",39.360000,-64.086700,0.000000,top
"R60","1k","R_0603_1608Metric",90.742500,-83.885000,0.000000,top
"R61","1k","R_0603_1608Metric",96.090000,-83.885000,0.000000,top
"R62","1k","R_0603_1608Metric",101.437500,-83.885000,0.000000,top
"R63","1k","R_0603_1608Metric",106.785000,-83.885000,0.000000,top
"R64","1k","R_0603_1608Metric",112.132500,-83.885000,0.000000,top
"R65","1k","R_0603_1608Metric",37.766700,-88.500000,0.000000,top
"R70","10k","R_0603_1608Metric",45.013300,-88.500000,0.000000,top
"R71","10k","R_0603_1608Metric",52.260000,-88.500000,0.000000,top
"R72","10k","R_0603_1608Metric",59.506700,-88.500000,0.000000,top
"R73","10k","R_0603_1608Metric",66.753300,-88.500000,0.000000,top
"R74","10k","R_0603_1608Metric",74.000000,-88.500000,0.000000,top
"R75","10k","R_0603_1608Metric",81.246700,-88.500000,0.000000,top
"R80","4k7","R_0603_1608Metric",88.493300,-88.500000,0.000000,top
"R81","4k7","R_0603_1608Metric",95.740000,-88.500000,0.000000,top
"R82","4k7","R_0603_1608Metric",102.986700,-88.500000,0.000000,top
"R83","4k7","R_0603_1608Metric",110.233300,-88.500000,0.000000,top
"R84","4k7","R_0603_1608Metric",59.506700,-93.115000,0.000000,top
"R85","4k7","R_0603_1608Metric",88.493300,-93.115000,0.000000,top
"RN1","4x10k pull-down","R_Array_Convex_4x0603",120.900000,-43.335000,0.000000,top
"RN2","4x10k pull-down","R_Array_Convex_4x0603",120.900000,-51.335000,0.000000,top
"RN3","4x10k pull-down","R_Array_Convex_4x0603",120.900000,-83.715000,0.000000,top
"U1","74HC245","SOIC-20W_7.5x12.8mm_P1.27mm",129.090000,-46.070000,0.000000,top
"U2","74HC245","SOIC-20W_7.5x12.8mm_P1.27mm",129.090000,-82.825000,0.000000,top
"U3","74HC4053","SOIC-16_3.9x9.9mm_P1.27mm",48.420000,-64.086700,0.000000,top
"U10","PC847","SOIC-16_3.9x9.9mm_P1.27mm",56.040000,-23.765000,0.000000,top
"U11","PC847","SOIC-16_3.9x9.9mm_P1.27mm",85.045000,-23.545000,0.000000,top
"U20","MAX3232","SOIC-16_3.9x9.9mm_P1.27mm",129.975000,-125.575000,0.000000,top
"U21","ATmega328P-AU","TQFP-32_7x7mm_P0.8mm",77.515000,-59.395000,0.000000,top
"Y1","16MHz","Crystal_SMD_3225-4Pin_3.2x2.5mm",70.200000,-66.400000,90.000000,top
